{"curiosity_score": -0.14850000000000002, "knowledge_limit_awareness_score": 0.2, "self_learning_capability_score": 0.025749999999999995, "_timestamp": 1716768895.52637, "_runtime": 6967.538144111633, "_step": 0, "_wandb": {"runtime": 6966}}